County,Precinct_ID,Ballots cast
APPLING,1b,783
APPLING,1c,540
APPLING,2,1164
APPLING,3a1,539
APPLING,3c,935
APPLING,4b,586
APPLING,4d,976
APPLING,5a,637
APPLING,5b,667
ATKINSON,pearson county,952
ATKINSON,axson,418
ATKINSON,willacoochee,738
ATKINSON,pearson city,419
BACON,douglas,3836
BAKER,anna,96
BAKER,elmodel,239
BAKER,hoggard mill,173
BAKER,milford,175
BAKER,newton,614
BALDWIN,south mill,664
BALDWIN,city hall annex,440
BALDWIN,boddie,618
BALDWIN,courthouse,258
BALDWIN,fire dept,824
BALDWIN,north mill,1410
BALDWIN,meriweather,1827
BALDWIN,east baldwin,2413
BALDWIN,scottsboro,584
BALDWIN,north baldwin,2344
BALDWIN,west baldwin,1179
BALDWIN,east hardwick,566
BALDWIN,west hardwick,1609
BALDWIN,coopers,954
BANKS,anderson,811
BANKS,baldwin,506
BANKS,berlin,211
BANKS,bushville,407
BANKS,columbia,245
BANKS,davids,943
BANKS,golden hill,477
BANKS,grove river,328
BANKS,hollingsworth,405
BANKS,homer,811
BANKS,poplar springs,952
BANKS,washington,405
BANKS,wilmonts,366
BARROW,1 bethlehem community center,1646
BARROW,2 bethlehem church - 211,2147
BARROW,3 bramlett elementary school,1549
BARROW,4 westside middle school,1297
BARROW,5 fire station 1 (statham),2651
BARROW,6 winder barrow high school,1179
BARROW,7 statham elementary school,1694
BARROW,8 first baptist church,1749
BARROW,9 lions club,1982
BARROW,10 leisure services center,1403
BARROW,11 apalachee high school,1839
BARROW,12 midway united methodist church,1465
BARROW,13 winder community center,1338
BARROW,14 cedar creek baptist church,664
BARROW,15 county line elementary school,1895
BARROW,16 the church at winder,2961
BARTOW,adairsville,3338
BARTOW,allatoona,1949
BARTOW,cartersville east,3351
BARTOW,cartersville west,4366
BARTOW,cassville,5598
BARTOW,center,2259
BARTOW,emerson,1589
BARTOW,euharlee,2775
BARTOW,folsom,786
BARTOW,kingston,1414
BARTOW,mission road,2166
BARTOW,pine log,1225
BARTOW,taylorsville,1561
BARTOW,white,1484
BARTOW,zena drive,2702
BARTOW,woodland high,878
Ben_Hill,east,2080
Ben_Hill,west,3485
BERRIEN,west berrien,654
BERRIEN,ray city,981
BERRIEN,nashville,3359
BERRIEN,enigma,574
BERRIEN,alapaha,697
BIBB,east macon 1,861
BIBB,east macon 2,2118
BIBB,east macon 3,1819
BIBB,east macon 4,1245
BIBB,east macon 5,1412
BIBB,godfrey 1,2945
BIBB,godfrey 2,750
BIBB,godfrey 3,1529
BIBB,godfrey 4,911
BIBB,godfrey 5,2380
BIBB,hazzard 1,1729
BIBB,hazzard 2,2386
BIBB,hazzard 3,3783
BIBB,hazzard 4,1469
BIBB,howard 1,2798
BIBB,howard 2,2594
BIBB,howard 3,5428
BIBB,howard 4,1059
BIBB,howard 5,901
BIBB,howard 6,1375
BIBB,howard 7,1808
BIBB,rutland 1,3663
BIBB,rutland 2,2088
BIBB,vineville 1,1895
BIBB,vineville 2,1140
BIBB,vineville 3,1540
BIBB,vineville 4,2098
BIBB,vineville 5,1461
BIBB,vineville 6,1849
BIBB,warrior 1,1753
BIBB,warrior 2,2080
BLECKLEY,fairground,4872
BRANTLEY,hoboken,1880
BRANTLEY,nahunta,2104
BRANTLEY,waynesville,1727
BROOKS,quitman,1930
BROOKS,barwick,213
BROOKS,dixie,640
BROOKS,briggs,1162
BROOKS,pavo,334
BROOKS,nankin,414
BROOKS,morven,1056
BRYAN,pembroke,1268
BRYAN,danielsiding,1302
BRYAN,ellabell,1115
BRYAN,black creek,1331
BRYAN,ways station,854
BRYAN,rh rec complex,1450
BRYAN,j.f. gregory park,1811
BRYAN,keller,2464
BRYAN,hwy 144 east,2387
BRYAN,public safety complex,1037
BULLOCH,lockhart,445
BULLOCH,emit,1724
BULLOCH,statesboro,3223
BULLOCH,portal,941
BULLOCH,fair,3429
BULLOCH,church,3066
BULLOCH,pittman park,2392
BULLOCH,leefield,555
BULLOCH,blitch,1308
BULLOCH,hagin,1355
BULLOCH,brooklet,1871
BULLOCH,stilson,1047
BULLOCH,bay,913
BULLOCH,nevils,670
BULLOCH,sinkhole,324
BULLOCH,register,483
BURKE,alexander,240
BURKE,four points,1197
BURKE,girard,421
BURKE,gough,261
BURKE,greenscut,582
BURKE,keysville,210
BURKE,midville,264
BURKE,munnerlyn,174
BURKE,sardis,533
BURKE,scotts crossroads,174
BURKE,telfair,537
BURKE,st. clair,263
BURKE,vidette,193
BURKE,north waynesboro,1526
BURKE,south waynesboro,1878
BURKE,blakeney,305
BUTTS,butts co admin bldg,8892
CALHOUN,leary,467
CALHOUN,morgan,425
CALHOUN,edison,260
CALHOUN,edison-arlington,364
CALHOUN,arlington,396
CAMDEN,tarboro,538
CAMDEN,waverly,941
CAMDEN,woodbine,1081
CAMDEN,browntown,352
CAMDEN,harrietts bluff,1016
CAMDEN,west kingsland,1284
CAMDEN,north kingsland,1201
CAMDEN,kingsland,943
CAMDEN,east kingsland,3054
CAMDEN,north st marys,636
CAMDEN,mary lee clark,1500
CAMDEN,south st marys,1228
CAMDEN,mush bluff,1319
CAMDEN,west saint marys,2026
CANDLER,metter -1685,1946
CANDLER,candler-1736,1603
CARROLL,kansas (1006),649
CARROLL,bowdon (1111),1567
CARROLL,sandhill (1122),2229
CARROLL,center point (1152),1061
CARROLL,mt zion (1240),1271
CARROLL,burwell (1371),818
CARROLL,clem (1483),2147
CARROLL,bowdon junction (1496),710
CARROLL,tyus (1533),1071
CARROLL,fairfield (1540),2349
CARROLL,hulett (1542),1391
CARROLL,bethany (501),2081
CARROLL,v r county south (640),1484
CARROLL,v r county north (641),2538
CARROLL,villa rica city (642),3048
CARROLL,temple county (649),1938
CARROLL,temple city (650),1641
CARROLL,whitesburg (682),1132
CARROLL,roopville (713),1777
CARROLL,west carrollton (714a1),1759
CARROLL,lakeshore rec (714a2),828
CARROLL,bonner (714a3),1922
CARROLL,university of w. ga (714a4),1255
CARROLL,county admin bldg (714a5),1364
CARROLL,tabernacle church (714a6),864
CARROLL,burson (714bn),787
CARROLL,old camp church (714bw),1386
CARROLL,oak grove (715),892
CATOOSA,blackstock,911
CATOOSA,boynton,3287
CATOOSA,catoosa keith,1390
CATOOSA,chambers,1590
CATOOSA,fort oglethorpe,1988
CATOOSA,graysville,2266
CATOOSA,lakeview,1540
CATOOSA,poplar springs,2286
CATOOSA,ringgold,4122
CATOOSA,westside,2780
CATOOSA,woodstation,1676
CHARLTON,folkston,1201
CHARLTON,ga bend,232
CHARLTON,st. george,322
CHARLTON,american legion,473
CHARLTON,homeland,428
CHARLTON,folkston fire station,398
CHARLTON,racepond,178
CHARLTON,winokur,159
CHATHAM,1-01 first presbyterian church,2191
CHATHAM,1-05 jea building,1355
CHATHAM,1-06 central chur of christ,1309
CHATHAM,1-08 grace united meth chur,1019
CHATHAM,1-09 immanuel bapt church,338
CHATHAM,1-10 saint thomas episcopal church,789
CHATHAM,1-12 isle of hope baptist,1404
CHATHAM,1-13 the sanctuary,805
CHATHAM,1-14 st luke church,1108
CHATHAM,1-16 ferguson ave baptist,1682
CHATHAM,1-17 islands christian church,2030
CHATHAM,2-02 blackshear comm ctr,689
CHATHAM,2-03 w. w. law center,747
CHATHAM,2-04 fellowship of love,1426
CHATHAM,2-05 holy spirit lutheran,1053
CHATHAM,2-06 eli whitney,291
CHATHAM,2-07 christ comm. church,1390
CHATHAM,2-09 the salvation army,1646
CHATHAM,2-11 stillwell towers ,863
CHATHAM,2-12 williams court,812
CHATHAM,3-01 old courthouse,270
CHATHAM,3-02 rose of sharon,939
CHATHAM,3-03 savannah high school,475
CHATHAM,3-04 first african baptist,770
CHATHAM,3-05 aldersgate youth cent,975
CHATHAM,3-08 jenkins high school,685
CHATHAM,3-09 cokesbury methodist,456
CHATHAM,3-10 bible baptist church,1361
CHATHAM,3-11 southside bapt church,690
CHATHAM,3-12 thunderbolt muni. complex,990
CHATHAM,3-13 new cov 7 day adv ch,1310
CHATHAM,3-14 oglethorpe,1264
CHATHAM,3-15 eli whitney complex,492
CHATHAM,4-02 frank murray comm ct,1324
CHATHAM,4-04 lighthouse baptist ch,1467
CHATHAM,4-05 st francis episcopal,1478
CHATHAM,4-06 first baptist church,1462
CHATHAM,4-07 wilm is un meth ch,1906
CHATHAM,4-08 wilmington island pr,1801
CHATHAM,4-10 guard house comm ctr,991
CHATHAM,4-11 tybee island school cafe,1073
CHATHAM,4-12 st peters episcopal,1707
CHATHAM,4-13 skid is pres church,1831
CHATHAM,4-14 skidaway island methodist church,1317
CHATHAM,4-15 skidaway island state park,1384
CHATHAM,5-01 bartlett middle sch,505
CHATHAM,5-02 senior citizens cent,346
CHATHAM,5-03 butler presbyterian,500
CHATHAM,5-05 liberty city comm ctr,1431
CHATHAM,5-06 seed church,1040
CHATHAM,5-07 elks lodge,853
CHATHAM,5-08 savannah primitive,928
CHATHAM,5-10 jonesville bapt church,1686
CHATHAM,5-11 largo-tibet elem,1372
CHATHAM,6-01 white bluff pres chr,966
CHATHAM,6-02 windsor forest baptist,1567
CHATHAM,6-03 crusader comm ctr,1544
CHATHAM,6-05 windsor forest golde,999
CHATHAM,6-06 the light,742
CHATHAM,6-08 savannah commons,1040
CHATHAM,6-09 trinity lutheran ch,1924
CHATHAM,6-10 georgetown elem,2314
CHATHAM,6-11 bamboo farms,2128
CHATHAM,7-01 garden city senior ctr,710
CHATHAM,7-03 p b edwards gym,610
CHATHAM,7-04 lake shore comm ctr,1392
CHATHAM,7-05 woodlawn bapt ch,592
CHATHAM,7-06 pooler city hall,1551
CHATHAM,7-07 rothwell bapt ch,2933
CHATHAM,7-08 bloomingdale com ctr,1182
CHATHAM,7-09 savannah holy,1184
CHATHAM,7-10 progressive rec ctr,1824
CHATHAM,7-11 seventh day adv chr,2063
CHATHAM,7-12 pooler church,2871
CHATHAM,7-13 southside fire,1612
CHATHAM,7-14 coastal cathedral,3479
CHATHAM,7-15 rice creek school,1096
CHATHAM,8-01 civic center,320
CHATHAM,8-02 hellenic center,857
CHATHAM,8-03 silk hope bapt ch,358
CHATHAM,8-05 w broad st ymca,551
CHATHAM,8-06 tompkins rec ctr,487
CHATHAM,8-07 woodville-tompkins,294
CHATHAM,8-08 resur of our lord ch,799
CHATHAM,8-09 moses jackson ctr,649
CHATHAM,8-10 carver heights comm,882
CHATHAM,8-11 butler elem school,835
CHATHAM,8-12 beach high school,480
CHATHAM,8-13 savannah christ. sch,306
CHATHAM,8-15 garden city rec ctr,674
CHATTAHOOCHEE,chattahoochee acvitity center,1107
CHATTOOGA,cloudland,212
CHATTOOGA,pennville,269
CHATTOOGA,coldwater,156
CHATTOOGA,dirtseller,116
CHATTOOGA,lyerly,512
CHATTOOGA,trion,1653
CHATTOOGA,summerville,2603
CHATTOOGA,teloga,347
CHATTOOGA,dirttown,556
CHATTOOGA,seminole,86
CHATTOOGA,subligna,309
CHATTOOGA,alpine,550
CHATTOOGA,haywood,95
CHEROKEE,air acres,1857
CHEROKEE,arnold mill,2995
CHEROKEE,avery,2085
CHEROKEE,ball ground,2262
CHEROKEE,bascomb,2512
CHEROKEE,bells,2912
CHEROKEE,booth,2456
CHEROKEE,bradshaw,2931
CHEROKEE,bridgemill,3124
CHEROKEE,canton,3784
CHEROKEE,carmel,2201
CHEROKEE,woodstock,3615
CHEROKEE,clayton,2358
CHEROKEE,conns creek,508
CHEROKEE,deer run,1812
CHEROKEE,dixie,3026
CHEROKEE,freehome,3464
CHEROKEE,hickory flat,3808
CHEROKEE,hightower,2102
CHEROKEE,hillside,2144
CHEROKEE,holly springs,1447
CHEROKEE,kellogg,2728
CHEROKEE,liberty,4296
CHEROKEE,little river,4423
CHEROKEE,macedonia,3060
CHEROKEE,mountain road,1965
CHEROKEE,oak grove,2068
CHEROKEE,r m moore,1943
CHEROKEE,r t jones,1225
CHEROKEE,rosecreek,2400
CHEROKEE,salacoa,388
CHEROKEE,sixes,1973
CHEROKEE,sutallee,1528
CHEROKEE,teasley,4393
CHEROKEE,toonigh,3723
CHEROKEE,union hill,2575
CHEROKEE,univeter,3071
CHEROKEE,victoria,1762
CHEROKEE,waleska,1712
CHEROKEE,wildcat,1889
CHEROKEE,woodlands,2066
CHEROKEE,neese,4041
CLARKE,1a w'ville train depot,1542
CLARKE,1b e. athens baptist,2025
CLARKE,1c barnett shls school,1553
CLARKE,1d whit davis school,2031
CLARKE,2a judia j. harris sch,1845
CLARKE,2b howard stroud school,2273
CLARKE,3a clarke central high,1245
CLARKE,3b thomas n. lay park,2358
CLARKE,4a athens transit ctr,1026
CLARKE,4b memorial park,2612
CLARKE,5a oglethorpe school,2015
CLARKE,5b whitehead rd school,1791
CLARKE,5c chase street school,1477
CLARKE,5d acc fleet mgt bldg,1483
CLARKE,6a cleveland rd school,1906
CLARKE,6b georgia square mall,2329
CLARKE,6c timothy rd elem schl,1986
CLARKE,6d firestation #4,1141
CLARKE,7a timothy bptst church,1845
CLARKE,7b athens regional library,1986
CLARKE,7c firestation #3,1867
CLARKE,8a gaines school,1838
CLARKE,8b cedar shls high sch,1254
CLARKE,8c firestation #7,2022
CLAY,bluffton,225
CLAY,zetto,220
CLAY,courthouse,201
CLAY,old head start,264
CLAY,day's cross roads,281
CLAYTON,ellenwood,3743
CLAYTON,forest park 1,1299
CLAYTON,forest park 2,1203
CLAYTON,forest park 3,1130
CLAYTON,forest park 4,806
CLAYTON,forest park 5,1505
CLAYTON,forest park 6,632
CLAYTON,jonesboro 1,2407
CLAYTON,jonesboro 2,2177
CLAYTON,jonesboro 3,2167
CLAYTON,jonesboro 4,963
CLAYTON,jonesboro 5,1075
CLAYTON,jonesboro 6,1717
CLAYTON,jonesboro 7,1731
CLAYTON,jonesboro 8,1619
CLAYTON,jonesboro 9,566
CLAYTON,jonesboro 10,1353
CLAYTON,jonesboro 11,2189
CLAYTON,jonesboro 12,1433
CLAYTON,jonesboro 13,1180
CLAYTON,jonesboro 14,2638
CLAYTON,jonesboro 15,1124
CLAYTON,jonesboro 16,1147
CLAYTON,jonesboro 17,2268
CLAYTON,jonesboro 18,1582
CLAYTON,lake city,1306
CLAYTON,lovejoy 1,2166
CLAYTON,lovejoy 2,1565
CLAYTON,lovejoy 3,3654
CLAYTON,lovejoy 4,2280
CLAYTON,lovejoy 5,1614
CLAYTON,morrow 1,1481
CLAYTON,morrow 2,977
CLAYTON,morrow 3,2215
CLAYTON,morrow 4,935
CLAYTON,morrow 5,3021
CLAYTON,morrow 6,1542
CLAYTON,morrow 7,920
CLAYTON,morrow 8,1713
CLAYTON,morrow 9,731
CLAYTON,oak 1,1201
CLAYTON,oak 2,797
CLAYTON,oak 3,1749
CLAYTON,oak 4,1790
CLAYTON,panhandle 1,1864
CLAYTON,panhandle 2,1847
CLAYTON,riverdale 1,1379
CLAYTON,riverdale 2,1652
CLAYTON,riverdale 3,1755
CLAYTON,riverdale 4,1848
CLAYTON,riverdale 5,1511
CLAYTON,riverdale 6,1353
CLAYTON,riverdale 7,1078
CLAYTON,riverdale 8,1661
CLAYTON,riverdale 9,1362
CLAYTON,riverdale 10,1145
CLAYTON,riverdale 11,1028
CLAYTON,riverdale 12,1609
CLINCH,arabia,67
CLINCH,argyle,180
CLINCH,dupont,168
CLINCH,fargo,150
CLINCH,homerville,1703
COBB,acworth 1a,2925
COBB,acworth 1b,2690
COBB,acworth 1c,2513
COBB,addison 01,1633
COBB,austell 1a,2347
COBB,bells ferry 02,1809
COBB,bells ferry 03,3520
COBB,big shanty 01,1441
COBB,big shanty 02,1954
COBB,baker 01,2546
COBB,birney 01,1488
COBB,birney 02,2401
COBB,bryant 01,1285
COBB,bryant 02,2463
COBB,blackwell 01,1638
COBB,chattahoochee 01,3008
COBB,cheatham hill 02,1975
COBB,cheatham hill 03,2705
COBB,chalker 01,2776
COBB,clarkdale 01,1040
COBB,clarkdale 02,2984
COBB,cooper 01,2558
COBB,chestnut ridge 01,2130
COBB,dickerson 01,1949
COBB,dobbins 01,2741
COBB,dowell 01,2095
COBB,dodgen 01,1457
COBB,durham 01,2647
COBB,davis 01,1339
COBB,eastside 01,2143
COBB,eastside 02,2759
COBB,elizabeth 01,1769
COBB,elizabeth 02,1575
COBB,elizabeth 03,1830
COBB,elizabeth 04,1671
COBB,elizabeth 05,1958
COBB,east piedmont 01,1414
COBB,fair oaks 02,2795
COBB,fair oaks 04,2068
COBB,fullers park 01,2262
COBB,ford 01,2045
COBB,frey 01,1605
COBB,garrison mill 01,1925
COBB,gritters 01,2380
COBB,harmony-leland 01,3696
COBB,harrison 01,2019
COBB,hightower 01,2803
COBB,hayes 01,2575
COBB,kennesaw 1a,1242
COBB,kennesaw 2a,2086
COBB,kennesaw 3a,3125
COBB,kennesaw 4a,2060
COBB,kennesaw 5a,3403
COBB,kell 01,1325
COBB,kemp 01,1286
COBB,kemp 02,2614
COBB,kemp 03,2642
COBB,lassiter 01,2405
COBB,lindley 01,3085
COBB,lost mountain 01,2405
COBB,lost mountain 02,2703
COBB,lost mountain 03,3477
COBB,lost mountain 04,1770
COBB,mableton 01,2748
COBB,mableton 02,1520
COBB,mableton 03,1809
COBB,mableton 04,1058
COBB,mabry 01,1205
COBB,macland 01,2359
COBB,murdock 01,2592
COBB,mceachern 01,2187
COBB,mccleskey 01,1212
COBB,mcclure 01,2111
COBB,marietta 1a,1837
COBB,marietta 2a,1505
COBB,marietta 2b,2580
COBB,marietta 3a,3633
COBB,marietta 4a,1454
COBB,marietta 4b,1276
COBB,marietta 4c,1918
COBB,marietta 5a,1555
COBB,marietta 5b,1147
COBB,marietta 6a,1210
COBB,marietta 6b,1877
COBB,marietta 7a,1473
COBB,mars hill 01,2058
COBB,mars hill 02,1626
COBB,mount bethel 01,2761
COBB,mount bethel 03,2163
COBB,mount bethel 04,2120
COBB,north cobb 01,1353
COBB,nickajack 01,2917
COBB,norton park 01,2535
COBB,nicholson 01,1513
COBB,oakdale 01,2446
COBB,oregon 01,1165
COBB,oregon 02,3184
COBB,oregon 03,2510
COBB,oregon 04,2617
COBB,oregon 05,2458
COBB,pebblebrook 01,2758
COBB,powers ferry 01,2029
COBB,pine mountain 01,2278
COBB,pine mountain 02,2168
COBB,post oak 01,2443
COBB,pope 01,2057
COBB,palmer 01,1577
COBB,powder springs 1a,2746
COBB,powder springs 2a,1860
COBB,powder springs 3a,2160
COBB,pitner 01,1653
COBB,rocky mount 01,2176
COBB,riverside 01,984
COBB,roswell 01,3709
COBB,roswell 02,2495
COBB,sandy plains 01,1900
COBB,shallowford falls 01,2310
COBB,simpson 01,1259
COBB,sewell mill 01,2245
COBB,sewell mill 03,2580
COBB,smyrna 1a,2002
COBB,smyrna 2a,2957
COBB,smyrna 3a,3877
COBB,smyrna 4a,3811
COBB,smyrna 5a,2248
COBB,smyrna 6a,3854
COBB,smyrna 7a,4217
COBB,sope creek 01,1593
COBB,sope creek 02,2957
COBB,sope creek 03,1829
COBB,sweetwater 01,1952
COBB,sweetwater 02,1486
COBB,terrell mill 01,2918
COBB,timber ridge 01,1714
COBB,vaughan 01,2081
COBB,vinings 01,1716
COBB,vinings 02,3493
COBB,vinings 03,2606
COBB,vinings 04,2340
COBB,wade green 02,2806
COBB,willeo 01,1975
COFFEE,douglas,8379
COFFEE,ambrose,1188
COFFEE,bridgetown,208
COFFEE,broxton,1374
COFFEE,nicholls,966
COFFEE,west green,554
COLQUITT,shaw,1251
COLQUITT,moultrie,2374
COLQUITT,autreyville,762
COLQUITT,bridgecreek,732
COLQUITT,crosland,153
COLQUITT,doerun,383
COLQUITT,funston,671
COLQUITT,hamilton,434
COLQUITT,hartsfield,282
COLQUITT,hopewell,945
COLQUITT,lee,530
COLQUITT,millcreek,259
COLQUITT,monk,878
COLQUITT,murphy,635
COLQUITT,norman park,1238
COLQUITT,robinson,514
COLQUITT,thigpen,145
COLQUITT,tyty,264
COLQUITT,warrior,551
COLUMBIA,kiokee baptist church,1722
COLUMBIA,lewis methodist church,1986
COLUMBIA,woodlawn baptist church,856
COLUMBIA,patriots park,2325
COLUMBIA,new life church,2044
COLUMBIA,harlem branch,2169
COLUMBIA,bessie thomas center,1226
COLUMBIA,philadelphia church,1282
COLUMBIA,liberty park,1634
COLUMBIA,grovetown methodist church,1144
COLUMBIA,g a apostolic church,935
COLUMBIA,grovetown middle school,1552
COLUMBIA,warren baptist,1403
COLUMBIA,eubank/blanchard center,964
COLUMBIA,second mt. carmel,474
COLUMBIA,damascus baptist church,662
COLUMBIA,col cty bd of edu,1300
COLUMBIA,greenbrier high,1925
COLUMBIA,redeemer church,2767
COLUMBIA,riverside elementary,892
COLUMBIA,grace baptist church,2105
COLUMBIA,christ sanctified,1501
COLUMBIA,blanchard park,994
COLUMBIA,mtz col fire dept #4,1091
COLUMBIA,belair baptist,1474
COLUMBIA,marvin methodist church,1146
COLUMBIA,westside bapt church,1052
COLUMBIA,trinity bapt church,687
COLUMBIA,abilene baptist,1160
COLUMBIA,augusta christian,1295
COLUMBIA,stevens creek elem,1130
COLUMBIA,gospel water branch,1176
COLUMBIA,genesis church,1203
COLUMBIA,stevens creek church,1894
COLUMBIA,mtz col fire hdqtr,669
COLUMBIA,lakeside middle,1046
COLUMBIA,martinez baptist,1033
COLUMBIA,gold cross ems,1183
COLUMBIA,church of our savior,1268
COLUMBIA,west acres baptist,1520
COLUMBIA,journey comm. church,886
COLUMBIA,wesley methodist,1580
COLUMBIA,col cty main library,1352
COLUMBIA,christ church,1328
COLUMBIA,blue ridge elementary,1294
COLUMBIA,christ the king luth ch,1450
COOK,cecil,913
COOK,delle beamguard,1390
COOK,elm pine,266
COOK,lenox,731
COOK,massee,533
COOK,new life bapt. church,737
COOK,riverbend,771
COOK,sparks,475
COWETA,senoia,3252
COWETA,moreland,1639
COWETA,pine road,1172
COWETA,dresden,533
COWETA,newnan,1717
COWETA,sharpsburg,2821
COWETA,fischer road,2537
COWETA,cedar creek,3345
COWETA,grantville,1413
COWETA,haralson,1348
COWETA,welcome,1925
COWETA,panther creek,1660
COWETA,raymond,1493
COWETA,turin,2590
COWETA,smokey road,1354
COWETA,central,1742
COWETA,arts centre,7006
COWETA,greentop,1617
COWETA,expo center,1205
COWETA,white oak,2831
COWETA,madras,2653
COWETA,cannongate,2371
COWETA,westside,441
COWETA,northside,1459
COWETA,thomas crossroads,3208
COWETA,coweta central library,1028
COWETA,jefferson parkway,3834
CRAWFORD,1a,291
CRAWFORD,1b,613
CRAWFORD,2,1055
CRAWFORD,3,987
CRAWFORD,4,1002
CRAWFORD,5,1005
CRISP,arabi,459
CRISP,coney,624
CRISP,cordele,4670
CRISP,jamestown,826
CRISP,listonia,503
DADE,south dade,470
DADE,new salem,714
DADE,davis,951
DADE,new home,376
DADE,west brow,662
DADE,trenton,1380
DADE,north dade,925
DAWSON,west,1732
DAWSON,central,5122
DAWSON,east,4752
DECATUR,mt pleasant,365
DECATUR,recovery,409
DECATUR,kendrick,319
DECATUR,climax,646
DECATUR,brinson,495
DECATUR,west bainbridge,1154
DECATUR,bainbridge-coliseum,3150
DECATUR,bridge-fairgrounds,1610
DECATUR,attapulgus,1024
DEKALB,allgood elem,1641
DEKALB,ashford dunwoody rd,2165
DEKALB,ashford park elem,1715
DEKALB,ashford parkside,2339
DEKALB,austin,1916
DEKALB,austin drive,1158
DEKALB,avondale,2210
DEKALB,avondale high - 04,1279
DEKALB,avondale high - 05,989
DEKALB,bethune middle,2462
DEKALB,bouldercrest rd,1208
DEKALB,boulevard,3110
DEKALB,briar vista elem,1860
DEKALB,briarcliff,1954
DEKALB,briarlake elem,1299
DEKALB,briarwood,1461
DEKALB,brockett,1623
DEKALB,brockett elem,1619
DEKALB,brookhaven,2294
DEKALB,browns mill elem,2379
DEKALB,burgess elem,2288
DEKALB,canby lane elem,1106
DEKALB,candler,1642
DEKALB,candler-murphey candler elem,2079
DEKALB,cedar grove elem,2375
DEKALB,cedar grove middle,804
DEKALB,cedar grove south,2334
DEKALB,chamblee ,1220
DEKALB,chamblee 2,1909
DEKALB,chapel hill elem,1952
DEKALB,chesnut elem,1419
DEKALB,clairemont east,2442
DEKALB,clairemont west,2550
DEKALB,clairmont road,1961
DEKALB,clarkston,2684
DEKALB,clifton,897
DEKALB,columbia drive,1130
DEKALB,columbia elem,730
DEKALB,columbia middle,1003
DEKALB,coan recreation center,2450
DEKALB,coralwood,2350
DEKALB,covington,892
DEKALB,covington highway,305
DEKALB,cross keys high,1274
DEKALB,crossroads,1615
DEKALB,doraville north,1473
DEKALB,doraville south,736
DEKALB,dresden elem,2663
DEKALB,druid hills high,1775
DEKALB,dunaire elem,1127
DEKALB,dunwoody,1784
DEKALB,dunwoody 2,1490
DEKALB,dunwoody library,1887
DEKALB,east lake,2687
DEKALB,embry hills,1149
DEKALB,emory road,941
DEKALB,emory south,2074
DEKALB,epworth,3051
DEKALB,evansdale elem,2218
DEKALB,fairington elem,2201
DEKALB,fernbank elem,1705
DEKALB,flakes mill fire station,1179
DEKALB,flat rock elem,1934
DEKALB,flat shoals,1166
DEKALB,flat shoals elem,1159
DEKALB,flat shoals library,1207
DEKALB,flat shoals parkway,2142
DEKALB,freedom middle,1673
DEKALB,georgetown square,2232
DEKALB,glenhaven,966
DEKALB,glennwood - 04,692
DEKALB,glennwood - 05,973
DEKALB,glenwood road,1033
DEKALB,gresham road,1989
DEKALB,hambrick elem,1790
DEKALB,harris-margaret harris ed,1032
DEKALB,harris-narvie j. harris elem,2238
DEKALB,hawthorne elem,2341
DEKALB,henderson mill,2036
DEKALB,hugh howell,1296
DEKALB,huntley hills elem,1958
DEKALB,idlewood elem,1252
DEKALB,indian creek,903
DEKALB,johnson estates,1218
DEKALB,jolly elem,1661
DEKALB,kelley chapel road,831
DEKALB,kelley lake elem,1480
DEKALB,king-ml king jr high,3054
DEKALB,kingsley elem,1815
DEKALB,knollwood,1366
DEKALB,kittredge elem,1577
DEKALB,lakeside high,2337
DEKALB,lavista,1807
DEKALB,lavista road,1445
DEKALB,lin-mary lin elem,2251
DEKALB,lithonia,734
DEKALB,lithonia high,1671
DEKALB,livsey elem,1033
DEKALB,marbut elem,2136
DEKALB,mathis-bob mathis elem,1777
DEKALB,mclendon,2082
DEKALB,mcnair academy,1122
DEKALB,mcnair high,2445
DEKALB,mcnair,1405
DEKALB,mcwilliams,1509
DEKALB,meadowview,1852
DEKALB,medlock,1594
DEKALB,memorial south,1168
DEKALB,metropolitan,2189
DEKALB,midvale elem,2020
DEKALB,midvale road,1131
DEKALB,midway,1369
DEKALB,miller-eldridge l. miller elem,1823
DEKALB,miller grove high,1446
DEKALB,miller grove,2093
DEKALB,miller grove road,1345
DEKALB,montclair elem,1061
DEKALB,montgomery elem,1685
DEKALB,montreal,1476
DEKALB,mt. vernon east,1924
DEKALB,mt. vernon west,1623
DEKALB,north decatur,1106
DEKALB,north hairston,1196
DEKALB,north peachtree,998
DEKALB,northlake,1061
DEKALB,oak grove elem,1623
DEKALB,oak view elem,2632
DEKALB,oakcliff elem,992
DEKALB,oakhurst,2147
DEKALB,panola,863
DEKALB,panola road,1400
DEKALB,panola way elem,1007
DEKALB,peachcrest,1081
DEKALB,peachtree middle,2074
DEKALB,pine lake,429
DEKALB,piney grove,895
DEKALB,pleasantdale road,2073
DEKALB,ponce de leon,1828
DEKALB,princeton elem,1370
DEKALB,rainbow elem,2199
DEKALB,redan elem,1747
DEKALB,redan middle,1445
DEKALB,redan road,1494
DEKALB,redan-trotti library,2047
DEKALB,rehoboth,1280
DEKALB,renfroe middle,1242
DEKALB,rock chapel elem,1618
DEKALB,rock chapel road,2412
DEKALB,rockbridge elem,1595
DEKALB,rockbridge road,2462
DEKALB,rowland elem,1697
DEKALB,rowland road,1166
DEKALB,sagamore hills elem,2257
DEKALB,salem middle,2259
DEKALB,scott,1808
DEKALB,shadow rock elem,2645
DEKALB,shamrock,1173
DEKALB,shaw-robert shaw elem,1585
DEKALB,silver lake,3072
DEKALB,skyland,1298
DEKALB,smoke rise,1526
DEKALB,snapfinger elem,1189
DEKALB,snapfinger road north,1261
DEKALB,snapfinger road south,1213
DEKALB,south deshon,1970
DEKALB,south hairston,1983
DEKALB,stephenson high,2032
DEKALB,stephenson middle,2226
DEKALB,stone mill elem,1305
DEKALB,stone mountain champion,1404
DEKALB,stone mountain elem,1407
DEKALB,stone mountain,828
DEKALB,stone mountain middle,1033
DEKALB,stonecrest library (stc),1929
DEKALB,stoneview elem,785
DEKALB,terry mill elem,1597
DEKALB,tilly mill road,1129
DEKALB,toney elem,927
DEKALB,tucker,2398
DEKALB,tucker library,1730
DEKALB,valley brook,682
DEKALB,wadsworth - 05,488
DEKALB,wadsworth - 04,1107
DEKALB,warren tech,832
DEKALB,wesley chapel library,1892
DEKALB,white oak,1320
DEKALB,winnona park,1542
DEKALB,winters chapel,1020
DEKALB,woodridge elem,1966
DEKALB,woodrow road,1706
DEKALB,woodward,1630
DEKALB,wynbrooke elem,2229
DEKALB,young road,1191
DODGE,chauncey,260
DODGE,clark,63
DODGE,eddin,664
DODGE,empire,269
DODGE,jaybird,132
DODGE,jones,292
DODGE,lee,2775
DODGE,mccranie,227
DODGE,milan,216
DODGE,mitchell,252
DODGE,mullis,299
DODGE,plainfield,295
DODGE,pondtown,492
DODGE,rawlins,564
DODGE,vilula,133
DODGE,yonker,146
DOOLY,lilly,337
DOOLY,byromville,421
DOOLY,unadilla,1016
DOOLY,vienna,1679
DOOLY,pinehurst,358
DOUGHERTY,palmyra rd meth church,1305
DOUGHERTY,sherwood elem school,1662
DOUGHERTY,covenant pres church,1213
DOUGHERTY,greenbriar church,2543
DOUGHERTY,westover high school,2172
DOUGHERTY,merry acres middle,1442
DOUGHERTY,darton college,2297
DOUGHERTY,westtown elem school,1745
DOUGHERTY,second mt. zion,867
DOUGHERTY,mt. zion center,1634
DOUGHERTY,alice coachman elem,495
DOUGHERTY,carver teen center,655
DOUGHERTY,shiloh baptist church,614
DOUGHERTY,litman cathedral,609
DOUGHERTY,phoebe healthworks,572
DOUGHERTY,turner elem school,317
DOUGHERTY,jackson heights elem,1100
DOUGHERTY,bill miller center,1043
DOUGHERTY,radium middle school,384
DOUGHERTY,putney 1st bapt church,1585
DOUGHERTY,international studie,557
DOUGHERTY,phoebe east,1210
DOUGHERTY,pine bluff bapt church,1124
DOUGHERTY,albany middle school,853
DOUGHERTY,christ church,1378
DOUGHERTY,lamar reese elem school,648
DOUGHERTY,first christian church,973
DOUGHERTY,lovett hall,540
DOUGLAS,mirror lake elementa,3407
DOUGLAS,winston,1051
DOUGLAS,dog river library,3064
DOUGLAS,colonial hills,1749
DOUGLAS,ephesus baptist chur,2543
DOUGLAS,prays mill gym,3244
DOUGLAS,turner,2059
DOUGLAS,first baptist - lithia springs,1020
DOUGLAS,lithia high school,3304
DOUGLAS,deer lick,1531
DOUGLAS,golden methodist ch,2603
DOUGLAS,old courthouse,2604
DOUGLAS,beulah,1919
DOUGLAS,stewart,1530
DOUGLAS,arbor station,1558
DOUGLAS,bright star,1453
DOUGLAS,dorsett shoals,1996
DOUGLAS,chapel hill,2384
DOUGLAS,church at chapel hill,3787
DOUGLAS,chestnut log,2226
DOUGLAS,st julians episcopal,1228
DOUGLAS,lutheran church - gs,2583
DOUGLAS,first baptist church,1654
DOUGLAS,factory shoals,2474
DOUGLAS,boundary waters,2387
EARLY,arlington,575
EARLY,blakely,1767
EARLY,cedar springs,639
EARLY,cuba,720
EARLY,urquhart,458
ECHOLS,statenville,1146
EFFINGHAM,1a,1066
EFFINGHAM,1b,1504
EFFINGHAM,1c,760
EFFINGHAM,1d,1138
EFFINGHAM,2a,1682
EFFINGHAM,2b,1650
EFFINGHAM,2c,2362
EFFINGHAM,3a,766
EFFINGHAM,3b,912
EFFINGHAM,3c,1064
EFFINGHAM,3d,1602
EFFINGHAM,4a,1934
EFFINGHAM,4b,981
EFFINGHAM,4c,1406
EFFINGHAM,5a,1559
EFFINGHAM,5b,2064
EFFINGHAM,5c,976
ELBERT,elberton,2143
ELBERT,longstreet,386
ELBERT,eliam,514
ELBERT,petersburg,235
ELBERT,wyche,753
ELBERT,moss-ruckersville,276
ELBERT,pike,952
ELBERT,gaines,342
ELBERT,goshen,939
ELBERT,webbsboro,272
ELBERT,centerville,606
EMANUEL,oak park,424
EMANUEL,cross-green,152
EMANUEL,swainsboro,3721
EMANUEL,summertown,301
EMANUEL,stillmore,303
EMANUEL,blundale,471
EMANUEL,canoochee,422
EMANUEL,garfield,316
EMANUEL,nunez,217
EMANUEL,twin city,960
EMANUEL,adrian,464
EVANS,veteran's comm ctr,3461
FANNIN,colwell,710
FANNIN,fairplay,610
FANNIN,flinthill,1638
FANNIN,hemptown,743
FANNIN,hothouse,704
FANNIN,mineral bluff,1028
FANNIN,mobile,607
FANNIN,morganton,1181
FANNIN,noontootla,570
FANNIN,skeniah,218
FANNIN,sugar creek,1363
FANNIN,toccoa,1878
FAYETTE,blackrock,1821
FAYETTE,brooks,1655
FAYETTE,europe,2285
FAYETTE,fayetteville east,1164
FAYETTE,fayetteville west,1225
FAYETTE,flint,1085
FAYETTE,hopeful,1369
FAYETTE,morning creek,2021
FAYETTE,rareover,1967
FAYETTE,sandy creek,2964
FAYETTE,shakerag east,975
FAYETTE,shakerag west,855
FAYETTE,starrsmill,2411
FAYETTE,whitewater,2333
FAYETTE,woolsey,1664
FAYETTE,mcintosh,2175
FAYETTE,oak grove,865
FAYETTE,kedron,2317
FAYETTE,aberdeen,1137
FAYETTE,windgate,687
FAYETTE,flat creek,1247
FAYETTE,braelinn,1330
FAYETTE,kenwood,698
FAYETTE,banks,1076
FAYETTE,harps crossing,1109
FAYETTE,willow pond,1850
FAYETTE,dogwood,1970
FAYETTE,oak ridge,1435
FAYETTE,jeff davis,1619
FAYETTE,murphy,2109
FAYETTE,fielding ridge,2400
FAYETTE,willowbend,1230
FAYETTE,camp creek,1283
FAYETTE,rising star,2455
FAYETTE,spring hill,2042
FAYETTE,antioch,1290
FLOYD,alto park,1744
FLOYD,armuchee,694
FLOYD,barkers,1307
FLOYD,cave spring,821
FLOYD,chulio,674
FLOYD,etowah,2838
FLOYD,everett springs,254
FLOYD,floyd springs,989
FLOYD,foster's mill,536
FLOYD,garden lakes,990
FLOYD,glenwood,1639
FLOYD,howell,841
FLOYD,east lindale,1881
FLOYD,mt alto north,2033
FLOYD,mt alto south,1968
FLOYD,north carolina,797
FLOYD,riverside,409
FLOYD,east rome,2055
FLOYD,north rome,1722
FLOYD,south rome,655
FLOYD,texas valley,524
FLOYD,vanns valley,359
FLOYD,watters,1789
FLOYD,west lindale,1385
FLOYD,town rome,1536
FORSYTH,1 big creek,9925
FORSYTH,2 brandywine,3896
FORSYTH,3 browns bridge,5749
FORSYTH,4 chestatee,3822
FORSYTH,5 coal mountain,3575
FORSYTH,6 crossroads,3832
FORSYTH,7 cumming,1681
FORSYTH,8 mashburn,5176
FORSYTH,10 midway,11476
FORSYTH,15 heardsville,5114
FORSYTH,16 otwell,7073
FORSYTH,19 old atlanta,3938
FORSYTH,21 south forsyth,8015
FORSYTH,25 windermere,5605
FORSYTH,27 concord,5894
FORSYTH,29 polo,8755
FRANKLIN,carnesville,1381
FRANKLIN,west franklin,918
FRANKLIN,northeast,1514
FRANKLIN,lavonia,1197
FRANKLIN,canon,683
FRANKLIN,royston,1115
FRANKLIN,southwest,1363
FULTON,1a,2361
FULTON,1b,2737
FULTON,1c,612
FULTON,1d,307
FULTON,1e,2410
FULTON,1f,452
FULTON,1g,1102
FULTON,1h,379
FULTON,1j,1184
FULTON,1p,542
FULTON,1r,491
FULTON,1s,823
FULTON,1t,796
FULTON,2a,2949
FULTON,2b,1265
FULTON,2c,1205
FULTON,2d,2660
FULTON,2e,1423
FULTON,2f1,2033
FULTON,2f2,458
FULTON,2g,2361
FULTON,2j,1432
FULTON,2k,951
FULTON,2l1,3978
FULTON,2l2,782
FULTON,2s,427
FULTON,2w,399
FULTON,3a,692
FULTON,3b,181
FULTON,3c,674
FULTON,3d,402
FULTON,3e,914
FULTON,3f,1115
FULTON,3g,360
FULTON,3h,369
FULTON,3i,566
FULTON,3l,229
FULTON,3m,452
FULTON,3n,938
FULTON,3p1a,1966
FULTON,3p2,7
FULTON,3s,356
FULTON,3t,715
FULTON,4a,560
FULTON,4b,922
FULTON,4c,54
FULTON,4d,714
FULTON,4f,935
FULTON,4g,312
FULTON,4i,561
FULTON,4j,317
FULTON,4k,1266
FULTON,4l,867
FULTON,4m,292
FULTON,4s,1118
FULTON,4t,584
FULTON,4v,1211
FULTON,4w,820
FULTON,4x1,950
FULTON,4x2,364
FULTON,5a1,1728
FULTON,5a2,1998
FULTON,5b,901
FULTON,5c,67
FULTON,5d,93
FULTON,5f,136
FULTON,5j,416
FULTON,5k,1327
FULTON,6b,1238
FULTON,6d,6060
FULTON,6e,1439
FULTON,6f,1757
FULTON,6g,369
FULTON,6i,1957
FULTON,6j,1904
FULTON,6l1,679
FULTON,6l2,487
FULTON,6n,1085
FULTON,6q,295
FULTON,6r,1206
FULTON,7a,4093
FULTON,7b,2107
FULTON,7c,2498
FULTON,7d,2413
FULTON,7e,1358
FULTON,7f,2041
FULTON,7h,1424
FULTON,7j,1753
FULTON,7m,1180
FULTON,7n,1044
FULTON,8a,1949
FULTON,8b,2255
FULTON,8c,984
FULTON,8d,770
FULTON,8e,1864
FULTON,8f1,1628
FULTON,8g,1669
FULTON,8h,1874
FULTON,8j,2223
FULTON,8k,702
FULTON,8l,2706
FULTON,8m,1358
FULTON,8n1,587
FULTON,8n2,927
FULTON,8p,928
FULTON,9a,2152
FULTON,9b,174
FULTON,9c,1522
FULTON,9d,858
FULTON,9e,1420
FULTON,9f,2526
FULTON,9g,2282
FULTON,9h,645
FULTON,9i,503
FULTON,9k,1851
FULTON,9m,1611
FULTON,10a,1622
FULTON,10b,2464
FULTON,10c,1168
FULTON,10d,1850
FULTON,10e,524
FULTON,10f,590
FULTON,10g,813
FULTON,10h1,238
FULTON,10h2,1032
FULTON,10i,258
FULTON,10j,466
FULTON,10k,858
FULTON,10m,1414
FULTON,10p,668
FULTON,10r,347
FULTON,11b,3088
FULTON,11c,2003
FULTON,11e1,634
FULTON,11e2,497
FULTON,11e3,1835
FULTON,11g,855
FULTON,11h,356
FULTON,11j,1018
FULTON,11k,1104
FULTON,11m,1659
FULTON,11n,1358
FULTON,11p,1020
FULTON,11r,672
FULTON,12a,2734
FULTON,12d,501
FULTON,12e1,591
FULTON,12f,428
FULTON,12g,430
FULTON,12h1,310
FULTON,12h2,1189
FULTON,12i,413
FULTON,12j,1108
FULTON,12k,1240
FULTON,12l,238
FULTON,12m,1171
FULTON,12n,327
FULTON,12s,959
FULTON,ap01a,3141
FULTON,ap01b,516
FULTON,ap01c,1498
FULTON,ap01d,539
FULTON,ap02b,263
FULTON,ap03,314
FULTON,ap04a,1183
FULTON,ap04b,290
FULTON,ap05,2981
FULTON,ap06,1309
FULTON,ap07a,2102
FULTON,ap07b,1144
FULTON,ap09a,2687
FULTON,ap09b,531
FULTON,ap021,1963
FULTON,ap022,1429
FULTON,ap10,681
FULTON,ap12a,374
FULTON,ap12b,428
FULTON,ap12c,1005
FULTON,ap14,2027
FULTON,ch01,164
FULTON,ch02,202
FULTON,ch03,250
FULTON,ch04a,444
FULTON,ch05,260
FULTON,cp01b,227
FULTON,cp011,617
FULTON,cp012,844
FULTON,cp02,553
FULTON,cp04a,2
FULTON,cp04b,14
FULTON,cp05b,76
FULTON,cp051,874
FULTON,cp06a,208
FULTON,cp07b,2
FULTON,cp07c,47
FULTON,cp07d,208
FULTON,cp07e,41
FULTON,cp07f,55
FULTON,cp081,77
FULTON,cp083,25
FULTON,cp084,1
FULTON,cp08a,175
FULTON,ep01a,1464
FULTON,ep01b,1539
FULTON,ep02a,890
FULTON,ep02b,977
FULTON,ep02c,251
FULTON,ep02d,192
FULTON,ep02e,627
FULTON,ep03a,2512
FULTON,ep03b,973
FULTON,ep04a,2626
FULTON,ep04b,1203
FULTON,fa01a,2126
FULTON,fa01b,2965
FULTON,fa01c,401
FULTON,hp01,1780
FULTON,jc01,3215
FULTON,jc02,1474
FULTON,jc03a,384
FULTON,jc03b,955
FULTON,jc04a,2692
FULTON,jc04b,156
FULTON,jc05,1391
FULTON,jc06,1580
FULTON,jc07,2627
FULTON,jc08,1870
FULTON,jc09,1878
FULTON,jc10,1507
FULTON,jc11,2085
FULTON,jc12,1753
FULTON,jc13a,1462
FULTON,jc13b,180
FULTON,jc14,1634
FULTON,jc15,523
FULTON,jc16,1729
FULTON,jc18,1969
FULTON,jc19,2528
FULTON,ml011,1681
FULTON,ml012,338
FULTON,ml01b,96
FULTON,ml021,1369
FULTON,ml022,148
FULTON,ml023,1027
FULTON,ml024,70
FULTON,ml03,2575
FULTON,ml04a,1176
FULTON,ml04b,838
FULTON,ml04c,66
FULTON,ml05a,27
FULTON,ml05b,250
FULTON,ml05c,2615
FULTON,ml06a,1024
FULTON,ml06b,1734
FULTON,ml071,73
FULTON,ml072,857
FULTON,ml07a,472
FULTON,mp01,323
FULTON,pa01,1330
FULTON,rw01,3355
FULTON,rw02,2675
FULTON,rw03,2745
FULTON,rw04,1359
FULTON,rw05,1207
FULTON,rw06,1914
FULTON,rw07a,677
FULTON,rw07b,214
FULTON,rw08,1462
FULTON,rw09,4216
FULTON,rw10,2376
FULTON,rw11a,1693
FULTON,rw12,4234
FULTON,rw13,2476
FULTON,rw16,1275
FULTON,rw17,1773
FULTON,rw19,1434
FULTON,rw20,1797
FULTON,rw21,2169
FULTON,rw22a,2486
FULTON,sc01a,25
FULTON,sc01b,1295
FULTON,sc01c,1513
FULTON,sc01d,162
FULTON,sc02,662
FULTON,sc04,616
FULTON,sc05a,409
FULTON,sc05b,2188
FULTON,sc05d,1428
FULTON,sc05e,434
FULTON,sc07a,3698
FULTON,sc07c,10
FULTON,sc08b,2008
FULTON,sc08c,53
FULTON,sc08d,314
FULTON,sc08e,316
FULTON,sc08f,366
FULTON,sc08g,8
FULTON,sc08h,3
FULTON,sc09a,839
FULTON,sc09b,1084
FULTON,sc09c,842
FULTON,sc10,661
FULTON,sc11a,813
FULTON,sc11b,878
FULTON,sc13,1636
FULTON,sc14a,429
FULTON,sc14b,45
FULTON,sc15,4213
FULTON,sc16a,3208
FULTON,sc16b,15
FULTON,sc17a,42
FULTON,sc17b,4
FULTON,sc17c,669
FULTON,sc18a,329
FULTON,sc18b,462
FULTON,sc18c,1352
FULTON,sc19a,129
FULTON,sc19b,690
FULTON,sc20,1665
FULTON,sc211,841
FULTON,sc212,1947
FULTON,sc23a,1730
FULTON,sc23b,284
FULTON,sc23c,1302
FULTON,sc27,1259
FULTON,sc29a,1544
FULTON,sc30a,97
FULTON,sc30b,531
FULTON,ss01,3270
FULTON,ss02a,755
FULTON,ss02b,756
FULTON,ss03,1027
FULTON,ss04,2064
FULTON,ss05,1376
FULTON,ss06,1073
FULTON,ss07a,683
FULTON,ss07b,405
FULTON,ss07c,436
FULTON,ss08a,758
FULTON,ss08b,453
FULTON,ss08c,393
FULTON,ss08d,847
FULTON,ss09a,2210
FULTON,ss09b,2452
FULTON,ss11a,2227
FULTON,ss11b,707
FULTON,ss11c,146
FULTON,ss11d,254
FULTON,ss12,1732
FULTON,ss13a,1072
FULTON,ss13b,629
FULTON,ss14,977
FULTON,ss15a,1199
FULTON,ss15b,902
FULTON,ss16,1534
FULTON,ss17,2229
FULTON,ss18a,454
FULTON,ss18b,162
FULTON,ss19a,1683
FULTON,ss19b,1226
FULTON,ss20,1159
FULTON,ss22,1613
FULTON,ss26,1822
FULTON,ss29a,1595
FULTON,ss31,938
FULTON,uc01a,1715
FULTON,uc01b,210
FULTON,uc01d,2
FULTON,uc01e,206
FULTON,uc02a,4296
FULTON,uc02b,19
FULTON,uc031,1203
FULTON,uc032,186
GILMER,ellijay south,1672
GILMER,cartecay,963
GILMER,tails creek,853
GILMER,town creek,646
GILMER,leaches,1576
GILMER,cherry log,593
GILMER,boardtown,936
GILMER,mountaintown,716
GILMER,east ellijay,966
GILMER,ellijay north,935
GILMER,yukon,722
GILMER,big creek,867
GILMER,ellijay northeast,1109
GLASCOCK,edgehill,89
GLASCOCK,gibson,435
GLASCOCK,mill,481
GLASCOCK,mitchell,299
GLYNN,sterling elem school,2379
GLYNN,marshes of glynn,1771
GLYNN,satilla marsh school,1574
GLYNN,blythe island baptist church,1440
GLYNN,christian renewal,2519
GLYNN,oglethorpe point,1888
GLYNN,st williams church,2989
GLYNN,first baptist,2926
GLYNN,jekyll island,532
GLYNN,sterling church of god,1731
GLYNN,se baptist bldg,1001
GLYNN,career academy,1620
GLYNN,c b greer school,1771
GLYNN,ballard complex,1497
GLYNN,northside church,1561
GLYNN,the chapel,1192
GLYNN,college place,1155
GLYNN,howard coffin park,1394
GLYNN,burroughs,1332
GLYNN,selden park,495
GORDON,sugar valley,804
GORDON,plainville,965
GORDON,sonoraville,2932
GORDON,pine chapel,550
GORDON,oostanaula,396
GORDON,oakman,640
GORDON,gordon county,3001
GORDON,calhoun city,4266
GORDON,lily pond,978
GORDON,fairmount,1095
GORDON,red bud,1488
GORDON,resaca,743
GRADY,blowing cave,462
GRADY,cairo 4th district,1262
GRADY,cairo 5th district,1357
GRADY,duncanville,307
GRADY,higdon,479
GRADY,limesink,186
GRADY,midway,780
GRADY,pine park,505
GRADY,ragan,310
GRADY,spence,419
GRADY,spring hill,355
GRADY,whigham,638
GRADY,woodland,1338
GREENE,greensboro,2422
GREENE,union point,1053
GREENE,siloam,624
GREENE,white plains,257
GREENE,old salem,4669
GWINNETT,harbins a,3726
GWINNETT,rockbridge a,2252
GWINNETT,dacula,2729
GWINNETT,suwanee a,877
GWINNETT,baycreek a,1768
GWINNETT,goodwins a,2120
GWINNETT,duluth a,2981
GWINNETT,duncans a,2907
GWINNETT,pucketts a,3191
GWINNETT,cates a,1452
GWINNETT,berkshire a,1177
GWINNETT,berkshire b,2689
GWINNETT,duncans c,1981
GWINNETT,garners a,2301
GWINNETT,lawrenceville a,1682
GWINNETT,lawrenceville b,2738
GWINNETT,martins a,1520
GWINNETT,martins b,1516
GWINNETT,martins c,1395
GWINNETT,pinckneyville a,1274
GWINNETT,pinckneyville b,1464
GWINNETT,pinckneyville c,1290
GWINNETT,pinckneyville d,941
GWINNETT,sugar hill a,2144
GWINNETT,sugar hill b,2725
GWINNETT,hog mountain a,2486
GWINNETT,hog mountain b,2767
GWINNETT,rockycreek a,3298
GWINNETT,cates b,1045
GWINNETT,cates c,1645
GWINNETT,hog mountain d,1742
GWINNETT,berkshire d,1807
GWINNETT,berkshire e,1322
GWINNETT,berkshire f,1082
GWINNETT,cates d,1665
GWINNETT,35 cates d - 04,368
GWINNETT,cates e,1932
GWINNETT,pinckneyville e,1031
GWINNETT,pinckneyville f,1113
GWINNETT,duncans d,3864
GWINNETT,pinckneyville h,2788
GWINNETT,baycreek b,3390
GWINNETT,lawrenceville c,1688
GWINNETT,martins d,1006
GWINNETT,rockbridge b,2193
GWINNETT,garners b,1936
GWINNETT,cates f,1155
GWINNETT,cates g,1841
GWINNETT,duluth b,1913
GWINNETT,garners c,1163
GWINNETT,pinckneyville i,1261
GWINNETT,pinckneyville j,1106
GWINNETT,berkshire g,1537
GWINNETT,cates h,2067
GWINNETT,sugar hill c,2852
GWINNETT,sugar hill d,2411
GWINNETT,duluth c,1344
GWINNETT,duluth d,2432
GWINNETT,pinckneyville k,1614
GWINNETT,pinckneyville n,1771
GWINNETT,lawrenceville d,2204
GWINNETT,lawrenceville e,1405
GWINNETT,pinckneyville l,1687
GWINNETT,pinckneyville m,1837
GWINNETT,garners d,1947
GWINNETT,berkshire h,900
GWINNETT,pinckneyville o,1566
GWINNETT,pucketts e,2777
GWINNETT,cates i,2198
GWINNETT,cates j,2122
GWINNETT,goodwins b,2291
GWINNETT,lawrenceville f,2195
GWINNETT,martins e,2419
GWINNETT,pinckneyville p,1337
GWINNETT,pinckneyville q,876
GWINNETT,rockbridge c,3071
GWINNETT,rockbridge d,2159
GWINNETT,goodwins c,2758
GWINNETT,baycreek k,2334
GWINNETT,cates k,1661
GWINNETT,baycreek c,3791
GWINNETT,cates l,2374
GWINNETT,duluth e,2476
GWINNETT,goodwins d,2340
GWINNETT,lawrenceville g,1518
GWINNETT,lawrenceville h,2427
GWINNETT,martins f,1210
GWINNETT,pinckneyville s,1663
GWINNETT,rockbridge e,2312
GWINNETT,sugar hill e,1893
GWINNETT,lawrenceville i,1763
GWINNETT,baycreek d,2735
GWINNETT,berkshire j,1828
GWINNETT,cates m,2615
GWINNETT,cates n,1630
GWINNETT,duluth f,2567
GWINNETT,duluth g,1752
GWINNETT,goodwins e,2917
GWINNETT,goodwins f,1691
GWINNETT,pinckneyville t,1559
GWINNETT,suwanee b,2565
GWINNETT,pinckneyville u,1231
GWINNETT,pucketts b,1819
GWINNETT,berkshire l,1585
GWINNETT,rockbridge f,3462
GWINNETT,sugar hill f,2213
GWINNETT,suwanee c,2843
GWINNETT,cates o,861
GWINNETT,baycreek e,1736
GWINNETT,berkshire m,1113
GWINNETT,martins g,1159
GWINNETT,duluth h,1642
GWINNETT,berkshire n,2052
GWINNETT,pinckneyville v,830
GWINNETT,pinckneyville w,2178
GWINNETT,martins h,2516
GWINNETT,martins i,1732
GWINNETT,martins j,1833
GWINNETT,garners f,1024
GWINNETT,berkshire o,1648
GWINNETT,berkshire p,715
GWINNETT,pinckneyville x,2149
GWINNETT,rockbridge g,3167
GWINNETT,pinckneyville y,1390
GWINNETT,goodwins g,1348
GWINNETT,pinckneyville z,1329
GWINNETT,pinckneyville a1,1885
GWINNETT,lawrenceville j,1154
GWINNETT,goodwins h,1571
GWINNETT,duncans b,3057
GWINNETT,suwanee d,2848
GWINNETT,suwanee e,2639
GWINNETT,lawrenceville k,1859
GWINNETT,harbins b,2577
GWINNETT,baycreek f,2661
GWINNETT,pucketts c,1783
GWINNETT,hog mountain c,2260
GWINNETT,rockycreek b,2870
GWINNETT,duluth i,2730
GWINNETT,martins k,2654
GWINNETT,suwanee h,2434
GWINNETT,sugar hill g,1718
GWINNETT,suwanee f,2201
GWINNETT,lawrenceville l,2740
GWINNETT,lawrenceville m,3345
GWINNETT,baycreek g,3276
GWINNETT,baycreek h,3697
GWINNETT,baycreek i,3107
GWINNETT,berkshire q,1050
GWINNETT,goodwins i,1582
GWINNETT,duluth k,1049
GWINNETT,harbins c,1635
GWINNETT,rockycreek c,2948
GWINNETT,lawrenceville n,1264
GWINNETT,pucketts d,2010
GWINNETT,suwanee g,2170
GWINNETT,baycreek j,2621
HABERSHAM,habersham north,5419
HABERSHAM,habersham south,3178
HABERSHAM,demorest,2724
HABERSHAM,town of mount airy,394
HABERSHAM,city of baldwin,449
HABERSHAM,mud creek,2341
HABERSHAM,amys creek,1035
HALL,1-wilson,3424
HALL,2-chicopee,1402
HALL,3-oakwood i,1213
HALL,4-oakwood ii,2396
HALL,5-flowery branch i,2390
HALL,6-flowery branch ii,1833
HALL,7-roberts,3106
HALL,8-morgan i,2262
HALL,9-morgan ii,2663
HALL,10-candler,2978
HALL,11-tadmore,2264
HALL,12-glade,1847
HALL,13-lula,1758
HALL,14-clermont,2041
HALL,15-quillians,1733
HALL,16-bark camp,3090
HALL,17-chestatee,2181
HALL,18-fork,2106
HALL,19-whelchel,2552
HALL,20-west whelchel,2689
HALL,21-gainesville i,2004
HALL,22-gainesville ii,1322
HALL,23-gainesville iii,1818
HALL,24-gainesville iv,1356
HALL,25-gainesville v,727
HALL,26-gillsville,664
HALL,27-big hickory,2435
HALL,28-friendship i,5161
HALL,29-friendship ii,1833
HALL,30-friendship iii,2506
HALL,31-friendship iv,1828
HANCOCK,devereux fire,585
HANCOCK,st. mark,362
HANCOCK,courthouse,556
HANCOCK,second beulah,311
HANCOCK,mayfield,200
HANCOCK,power of god,421
HANCOCK,warren chapel,183
HANCOCK,youth center,581
HANCOCK,second darrien,252
HANCOCK,sparta 4c,103
HARALSON,bremen,3399
HARALSON,buchanan,1252
HARALSON,buncombe,519
HARALSON,corinth,868
HARALSON,twentieth,401
HARALSON,felton,165
HARALSON,little creek,404
HARALSON,mt view,177
HARALSON,seventh,960
HARALSON,berea-steadman,363
HARALSON,tallapoosa,1519
HARALSON,waco,585
HARRIS,cataula,1861
HARRIS,ellerslie,2660
HARRIS,goodman,1010
HARRIS,hamilton,1656
HARRIS,lower 19th,1661
HARRIS,mulberry grove,1874
HARRIS,pine mountain valley,689
HARRIS,skinner,576
HARRIS,upper 19th,1032
HARRIS,valley plains,452
HARRIS,waverly hall,1654
HARRIS,whitesville,894
HART,hartwell,3799
HART,goldmine,1007
HART,cokesbury,606
HART,reed creek,1777
HART,bowersville,768
HART,shoal creek,889
HART,bio,820
HEARD,centralhatchee,1014
HEARD,cooksville - corinth,288
HEARD,enon grove,537
HEARD,ephesus,725
HEARD,franklin,1153
HEARD,southwest,348
HENRY,locust grove,3469
HENRY,tussahaw,2006
HENRY,sandy ridge,2755
HENRY,westside,2997
HENRY,lowes,5218
HENRY,south hampton,3105
HENRY,north hampton,3875
HENRY,mt. carmel,3128
HENRY,red oak,3407
HENRY,wesley lakes,3071
HENRY,mcdonough,1396
HENRY,mcmullen,2323
HENRY,east lake,2172
HENRY,hickory flat,3256
HENRY,stockbridge east-west,3754
HENRY,stagecoach,1880
HENRY,cotton indian,2641
HENRY,pleasant grove,2641
HENRY,austin road,2176
HENRY,swan lake,2138
HENRY,shakerag,2458
HENRY,ellenwood,2830
HENRY,unity grove,2909
HENRY,shiloh,2152
HENRY,pates creek,3152
HENRY,oakland,2745
HENRY,lake dow,3174
HENRY,flippen,2904
HENRY,stockbridge central,2289
HENRY,kelleytown,2294
HENRY,lighthouse,2356
HENRY,dutchtown,1669
HENRY,mt. bethel,2049
HENRY,grove park,1930
HENRY,lake haven,2605
HENRY,mcdonough central,2487
HENRY,timberridge,1332
HOUSTON,annx,2915
HOUSTON,bms,5817
HOUSTON,cent,4274
HOUSTON,cgtc,2849
HOUSTON,fmms,5291
HOUSTON,hafs,1103
HOUSTON,hctc,3312
HOUSTON,hefs,867
HOUSTON,hhpc,4876
HOUSTON,mcms,5389
HOUSTON,nses,1525
HOUSTON,recr,4094
HOUSTON,rozr,7993
HOUSTON,tms,2800
HOUSTON,twpk,2787
HOUSTON,vhs,3478
IRWIN,irwinville,554
IRWIN,ocilla,2799
IRWIN,holt,216
JACKSON,central jackson,8446
JACKSON,north jackson,6381
JACKSON,west jackson,7934
JACKSON,south jackson,4189
JASPER,wyatt,1006
JASPER,monticello,2808
JASPER,martin & burney,2135
Jeff_Davis,hazelhurst,699
Jeff_Davis,altamaha 1,442
Jeff_Davis,altamaha 2,830
Jeff_Davis,blackburn 1,369
Jeff_Davis,blackburn 2,435
Jeff_Davis,whitehead 1,538
Jeff_Davis,whitehead 2,390
Jeff_Davis,ocmulgee 1,822
Jeff_Davis,ocmulgee 2,305
JEFFERSON,stapleton crossroads,273
JEFFERSON,matthews,401
JEFFERSON,wrens,1699
JEFFERSON,louisville,2311
JEFFERSON,wadley,1130
JEFFERSON,bartow,334
JEFFERSON,stapleton,389
JEFFERSON,avera,252
JENKINS,jenkins co,557
JENKINS,court house,568
JENKINS,perkins,585
JENKINS,senior citizens bld,610
JENKINS,four points,569
JOHNSON,wrightsville,1881
JOHNSON,smith,479
JOHNSON,bray,553
JOHNSON,kite,576
JONES,gray,1787
JONES,hawkins,1872
JONES,ethridge,1088
JONES,clinton,1515
JONES,roberts,1419
JONES,davidson,984
JONES,pope,1143
JONES,barron,862
JONES,sanders,118
JONES,finney,1681
LAMAR,barnesville fbc,1286
LAMAR,chappell mill v. fd,886
LAMAR,senior citizen bldg,768
LAMAR,redbone,403
LAMAR,l c s c,1702
LAMAR,milner,2328
LANIER,lakeland,2689
LAURENS,family life center,2582
LAURENS,calhoun park,2795
LAURENS,fire dept sta #5,2405
LAURENS,buckeye,635
LAURENS,burch,298
LAURENS,cadwell,473
LAURENS,brewton,971
LAURENS,dudley,798
LAURENS,hampton mill,1142
LAURENS,harvard,251
LAURENS,minter,545
LAURENS,rural fire sta #17,1269
LAURENS,w t adams firestation,1445
LAURENS,reedy springs,554
LAURENS,smith,1632
LAURENS,lcfs 10 (valambrosia),1203
LEE,chokee,320
LEE,redbone,2883
LEE,smithville,586
LEE,cjc,421
LEE,leesburg,1891
LEE,friendship bapt,749
LEE,first baptist,2562
LEE,sda church,860
LEE,sovereign grace,1445
LEE,century fire station,1854
LIBERTY,riceboro youth center,695
LIBERTY,lyman hall school,1734
LIBERTY,lewis frasier school,2007
LIBERTY,memorial dr. east,840
LIBERTY,button gwinnett,225
LIBERTY,town of allenhurst,1198
LIBERTY,hinesville,888
LIBERTY,liberty county complex,2362
LIBERTY,walthourville city hall,1191
LIBERTY,fleming west,295
LIBERTY,fleming east,1609
LIBERTY,gum branch,1180
LIBERTY,hinesville lodge 271,1180
LINCOLN,midway,335
LINCOLN,lincoln club house,501
LINCOLN,lincoln center,985
LINCOLN,faith temple of linc,309
LINCOLN,tabernacle,666
LINCOLN,bethany church,368
LINCOLN,martins crossroad,819
LONG,beards creek,637
LONG,rye patch/oak dale,1114
LONG,south ludowici,475
LONG,north ludowici,785
LONG,tibet,447
LONG,alma flournoy,163
LONG,faith baptist annex,386
LOWNDES,hahira,2959
LOWNDES,trinity,5726
LOWNDES,northside,12841
LOWNDES,naylor,758
LOWNDES,rainwater,5147
LOWNDES,mildred,1718
LOWNDES,clyatt,2221
LOWNDES,dasher,2303
LOWNDES,s lowndes,2144
LUMPKIN,dahlonega,11587
MACON,ideal,841
MACON,oglethorpe,789
MACON,marshallville,824
MACON,montezuma 4,973
MACON,montezuma 5,817
MADISON,colbert,1878
MADISON,collins,378
MADISON,comer,811
MADISON,danielsville,1724
MADISON,fork,310
MADISON,harrison,373
MADISON,hull,2331
MADISON,ila,908
MADISON,mill,974
MADISON,paoli,178
MADISON,pittman,1228
MADISON,poca,631
MARION,pineknot,514
MARION,buena vista,1508
MARION,tazewell,224
MARION,brantley,271
MARION,ft. perry,418
MCDUFFIE,131 - queen of angels,619
MCDUFFIE,132 - augusta tech,976
MCDUFFIE,133a - fort creek,708
MCDUFFIE,133b - dearing gym,1144
MCDUFFIE,134 - vanderhorst,1174
MCDUFFIE,135 - sweetwater,1823
MCDUFFIE,136 - thomson depot,971
MCDUFFIE,137 - marshall church,812
MCDUFFIE,139 - whiteoak,592
MCINTOSH,sapelo island,39
MCINTOSH,townsend,340
MCINTOSH,crescent,1144
MCINTOSH,darien,1407
MCINTOSH,south newport,1341
MCINTOSH,north darien,1154
MERIWETHER,chalybeate,298
MERIWETHER,manchester gill i,876
MERIWETHER,manchester gill ii,563
MERIWETHER,odessadale,193
MERIWETHER,greenville,1097
MERIWETHER,lone oak,722
MERIWETHER,luthersville,1433
MERIWETHER,alvaton,822
MERIWETHER,gay,242
MERIWETHER,woodbury,832
MERIWETHER,warm springs,735
MERIWETHER,durand,408
MERIWETHER,raleigh,311
MERIWETHER,cove,146
MILLER,colquitt-miller,2322
MITCHELL,baconton,640
MITCHELL,branchville,392
MITCHELL,camilla north,1088
MITCHELL,camilla south,2033
MITCHELL,cotton,261
MITCHELL,hopeful,217
MITCHELL,hinsonton,118
MITCHELL,lester,699
MITCHELL,pebble city,109
MITCHELL,pelham,1672
MITCHELL,sale city,241
MONROE,bentons,1641
MONROE,brantleys,781
MONROE,burgays,1679
MONROE,cabaniss,472
MONROE,cox,481
MONROE,culloden,297
MONROE,dillards,595
MONROE,evers,1219
MONROE,forsyth,2591
MONROE,high falls,983
MONROE,kelseys,460
MONROE,middlebrooks,864
MONROE,proctors,626
MONROE,russellville,298
MONTGOMERY,ailey,319
MONTGOMERY,alston,347
MONTGOMERY,higgston,852
MONTGOMERY,kibbee,344
MONTGOMERY,mount vernon,862
MONTGOMERY,tarrytown,231
MONTGOMERY,uvalda,580
MORGAN,northeast morgan,1880
MORGAN,east morgan,1462
MORGAN,beth/springfield,567
MORGAN,central morgan,1780
MORGAN,clacks chapel,485
MORGAN,west morgan,1737
MORGAN,north morgan,1669
MURRAY,mcdonald,1215
MURRAY,shuck pen,1446
MURRAY,southwest,1394
MURRAY,spring place,1854
MURRAY,town,3061
MURRAY,carters-doolittle,1020
MURRAY,north,1124
MUSCOGEE,wynnton/britt,2476
MUSCOGEE,carver/mack,2069
MUSCOGEE,st john/belvedere,2878
MUSCOGEE,britt david bapt ch,1326
MUSCOGEE,st peter u. m. c.,1878
MUSCOGEE,cornerstone church,3228
MUSCOGEE,columbus tech,1559
MUSCOGEE,st. mark/heiferhorn,3960
MUSCOGEE,wynnbrook,1887
MUSCOGEE,cusseta rd,2186
MUSCOGEE,our lady of lourdes,3320
MUSCOGEE,mt. pilgrim,3061
MUSCOGEE,faith tabernacle,2252
MUSCOGEE,fort/waddell,3171
MUSCOGEE,rothschild,3500
MUSCOGEE,gentian/reese @lds,2894
MUSCOGEE,st paul/clubview,3277
MUSCOGEE,moon/morningside,2810
MUSCOGEE,st. andrews/midland,4318
MUSCOGEE,salvation army,1698
MUSCOGEE,first african,755
MUSCOGEE,epworth,1951
MUSCOGEE,marianna gallops,1080
MUSCOGEE,edgewood baptist,1623
MUSCOGEE,psalmond/mathews,4294
NEWTON,city pond,842
NEWTON,town,2202
NEWTON,almon,2763
NEWTON,alcovy,2600
NEWTON,covington mills,1624
NEWTON,brewers,1979
NEWTON,brick store,1653
NEWTON,cedar shoals,1344
NEWTON,livingston,2359
NEWTON,downs,3472
NEWTON,gum creek,2721
NEWTON,beaverdam,2822
NEWTON,leguinn,1336
NEWTON,mansfield,1012
NEWTON,newborn,520
NEWTON,oxford,1404
NEWTON,rocky plains,1821
NEWTON,buck creek,2594
NEWTON,stansells,2470
NEWTON,fairview,1463
NEWTON,crowell,2583
NEWTON,hub,1629
OCONEE,annex,1556
OCONEE,colham ferry,1250
OCONEE,antioch,976
OCONEE,farmington,486
OCONEE,bishop,1349
OCONEE,high shoals,1416
OCONEE,north oconee,816
OCONEE,dark corner,2177
OCONEE,bogart,1652
OCONEE,malcom bridge,2970
OCONEE,athens academy,1891
OCONEE,civic center,3024
OCONEE,city hall,1233
OGLETHORPE,beaverdam,1986
OGLETHORPE,crawford,1803
OGLETHORPE,lexington,2711
PAULDING,shelton elem school,9713
PAULDING,burnt hickory park,3477
PAULDING,moses middle school,4404
PAULDING,west ridge church,8534
PAULDING,watson govt complex,5361
PAULDING,sara ragsdale elm sc,2615
PAULDING,paulding co high sc,3119
PAULDING,hiram high school,5444
PAULDING,taylor farm park,5562
PAULDING,austin middle school,4199
PAULDING,nebo elementary sch,5464
PAULDING,carl scoggins mid sc,3507
PEACH,byron #1,1663
PEACH,byron #2,2947
PEACH,claude,569
PEACH,fort valley #1,1497
PEACH,fort valley #2,1389
PEACH,fort valley #3,1545
PEACH,powersville,862
PICKENS,yellow creek,2090
PICKENS,sharptop,1798
PICKENS,appalachian,1107
PICKENS,refuge,1420
PICKENS,hill,1062
PICKENS,hinton,468
PICKENS,jerusalem,623
PICKENS,ludville,354
PICKENS,nelson,848
PICKENS,talking rock,959
PICKENS,jasper,1196
PICKENS,tate,1469
PIERCE,hacklebarney/cason,1823
PIERCE,blackshear,1640
PIERCE,st johns/blackshear,929
PIERCE,otter creek,771
PIERCE,patterson,727
PIERCE,mershon,361
PIERCE,alabaha,455
PIERCE,sunset/sweat,191
PIKE,concord,918
PIKE,hollonville,1076
PIKE,meansville,845
PIKE,molena,940
PIKE,second district,1652
PIKE,lifsey springs,715
PIKE,williamson,1103
PIKE,zebulon,1312
POLK,aragon,1658
POLK,blooming grove,882
POLK,cedartown,3083
POLK,fish creek,1458
POLK,lake creek,1716
POLK,rockmart,3041
POLK,youngs grove,1063
PULASKI,courthouse annex,3635
PUTNAM,101,1827
PUTNAM,104,1874
PUTNAM,105,2390
PUTNAM,106,797
PUTNAM,107,2475
QUITMAN,georgetown,877
QUITMAN,morris,74
RABUN,rabun,7605
RANDOLPH,coleman,149
RANDOLPH,shellman,499
RANDOLPH,benevolence,253
RANDOLPH,cuthbert/courthouse,1143
RANDOLPH,cuthbert,205
RANDOLPH,carnegie,248
RANDOLPH,fountain bridge-5th,54
RANDOLPH,springvale,173
RANDOLPH,4th district,81
RICHMOND,101,536
RICHMOND,102,688
RICHMOND,103,680
RICHMOND,104,1416
RICHMOND,105,375
RICHMOND,106,426
RICHMOND,107,1136
RICHMOND,108,300
RICHMOND,109,572
RICHMOND,111,644
RICHMOND,112,401
RICHMOND,114,373
RICHMOND,115,180
RICHMOND,201,646
RICHMOND,202,1940
RICHMOND,203,477
RICHMOND,204,855
RICHMOND,207,1126
RICHMOND,208,1227
RICHMOND,210,837
RICHMOND,301,1718
RICHMOND,302,497
RICHMOND,303,991
RICHMOND,304,252
RICHMOND,305,362
RICHMOND,306,2060
RICHMOND,307,1029
RICHMOND,308,292
RICHMOND,309,1865
RICHMOND,310,2564
RICHMOND,401,1282
RICHMOND,402,1353
RICHMOND,404,980
RICHMOND,405,2489
RICHMOND,406,1944
RICHMOND,501,1749
RICHMOND,502,2147
RICHMOND,503,2017
RICHMOND,504,938
RICHMOND,506,211
RICHMOND,507,484
RICHMOND,509,1208
RICHMOND,601,1652
RICHMOND,603,1813
RICHMOND,604,909
RICHMOND,605,1807
RICHMOND,607,1027
RICHMOND,608,820
RICHMOND,701,1613
RICHMOND,702,1181
RICHMOND,703,2329
RICHMOND,705,1471
RICHMOND,706,2113
RICHMOND,707,1066
RICHMOND,708,202
RICHMOND,709,358
RICHMOND,801,280
RICHMOND,801b,283
RICHMOND,802,1571
RICHMOND,803,22
RICHMOND,804,1048
RICHMOND,804h,1615
RICHMOND,805,413
RICHMOND,806,676
RICHMOND,807,720
RICHMOND,808,1337
RICHMOND,809,518
RICHMOND,810,249
ROCKDALE,barksdale,2928
ROCKDALE,bethel,2242
ROCKDALE,conyers,1747
ROCKDALE,fieldstone,3654
ROCKDALE,flat shoals,2330
ROCKDALE,honey creek,1523
ROCKDALE,hightower,1983
ROCKDALE,the lakes,991
ROCKDALE,lorraine,2574
ROCKDALE,magnet,1817
ROCKDALE,milstead,2074
ROCKDALE,olde towne,2803
ROCKDALE,rockdale,2630
ROCKDALE,smyrna,2629
ROCKDALE,st. pius,2792
ROCKDALE,stanton,2014
SCHLEY,precinct one,1937
SCREVEN,sylvania,680
SCREVEN,hunters,296
SCREVEN,newington,598
SCREVEN,jenk hill fire sta,669
SCREVEN,rocky ford,332
SCREVEN,bay branch,563
SCREVEN,hiltonia,561
SCREVEN,screven rec dept,231
SCREVEN,greenhill church,505
SCREVEN,sr citizens center,614
SCREVEN,jackson fire station,238
SCREVEN,cooperville fire sta,151
SEMINOLE,precinct 1,849
SEMINOLE,precinct 2,619
SEMINOLE,precinct 3,502
SEMINOLE,precinct 4,643
SEMINOLE,precinct 5,635
SPALDING,1 second baptist ch,803
SPALDING,2 fairmont,816
SPALDING,3 senior center,1813
SPALDING,5 uga campus,1679
SPALDING,6 city park,997
SPALDING,7 first methodist,1077
SPALDING,8 st. john lutheran church,1115
SPALDING,9 union baptist church,1033
SPALDING,10 carver fire station,1158
SPALDING,11 first presbyterian church,1457
SPALDING,12 liberty springs bapt church,1213
SPALDING,13 county line methodist church,1364
SPALDING,14 sunnyside methodi,934
SPALDING,16 gary reid fire station,2246
SPALDING,17 ambucs park gym,951
SPALDING,19 first assembly of god church,1595
SPALDING,20 roberts fire station,1292
SPALDING,21 eagles landing baptist,2928
STEPHENS,senior center,9118
STEWART,richland,803
STEWART,louvale,186
STEWART,lumpkin,706
STEWART,omaha,134
SUMTER,c1-27 rees park,1515
SUMTER,c2-27 gswf conf center,1741
SUMTER,c3-27 rec dept,1527
SUMTER,e-27 airport,1222
SUMTER,n-26 concord,268
SUMTER,o-26 plains,670
SUMTER,w-27 ag center,1239
SUMTER,15 leslie,1083
SUMTER,17 thomson,393
SUMTER,28 chambliss,652
SUMTER,29 andersonville,284
TALBOT,oneal,380
TALBOT,valley,488
TALBOT,junction city,260
TALBOT,geneva,305
TALBOT,talbotton,547
TALBOT,box springs,285
TALBOT,flint hill,697
TALIAFERRO,sharon,184
TALIAFERRO,crawfordville,754
TATTNALL,cobbtown,422
TATTNALL,shiloh,427
TATTNALL,collins,845
TATTNALL,manassas,166
TATTNALL,district ii,1316
TATTNALL,east glennville,1426
TATTNALL,district iv,1451
TATTNALL,district v,610
TAYLOR,#1 butler fire dept.,625
TAYLOR,#5 courthouse,1355
TAYLOR,#6 reynolds,1321
TELFAIR,helena,556
TELFAIR,jacksonville,394
TELFAIR,lumber city,599
TELFAIR,mcrae,1352
TELFAIR,milan,543
TELFAIR,scotland,206
TERRELL,dawson,1700
TERRELL,sasser,848
TERRELL,bronwood,549
TERRELL,parrott,292
TERRELL,graves,379
TERRELL,herod-dover,183
THOMAS,barwick,379
THOMAS,boston,931
THOMAS,central,1911
THOMAS,coolidge,542
THOMAS,douglass,1155
THOMAS,ellabelle,664
THOMAS,fire station 2,947
THOMAS,gatlin creek,1287
THOMAS,harper,1122
THOMAS,jerger,1244
THOMAS,meigs,430
THOMAS,merrillville,410
THOMAS,metcalfe,196
THOMAS,new covenant,1232
THOMAS,ochlocknee,646
THOMAS,patten,254
THOMAS,pavo,417
THOMAS,remington esc,1220
THOMAS,resource center,759
THOMAS,scott,1551
TIFT,tifton northeast,1718
TIFT,brighton,1562
TIFT,brookfield,892
TIFT,chula,930
TIFT,docia,749
TIFT,eldorado,729
TIFT,omega,413
TIFT,ty ty,734
TIFT,tifton northwest,1964
TIFT,tifton south,980
TIFT,mott-littman gym,1263
TIFT,tifton lodge,1768
TOOMBS,15361 lyons,1867
TOOMBS,39 new branch,872
TOOMBS,43 cedar crossing,838
TOOMBS,513 v.p.d.,3286
TOOMBS,514 s.t.i.a.l.c,2024
TOWNS,young harris,1892
TOWNS,tate city,32
TOWNS,macedonia,2132
TOWNS,hiawassee,2111
TREUTLEN,annex,1228
TREUTLEN,soperton,1393
TROUP,hollis hand,2287
TROUP,administration bldg,1684
TROUP,hammett rd,2179
TROUP,griggs center,1113
TROUP,west point,1027
TROUP,hogansville,1650
TROUP,east vernon,1942
TROUP,rosemont,2212
TROUP,mountville,1136
TROUP,mclendon,2187
TROUP,long cane,1919
TROUP,gardner newman,1152
TROUP,gray hill,1064
TROUP,highland,879
TROUP,northside,1546
TURNER,ashburn,1998
TURNER,sycamore,1005
TURNER,rebecca,282
TWIGGS,dry branch,800
TWIGGS,golden isles,1017
TWIGGS,higgsville,493
TWIGGS,jeffersonville/ware,970
TWIGGS,shady grove/tarvers,527
UNION,blairsville,1451
UNION,coosa,1394
UNION,choestoe,878
UNION,jones creek,1243
UNION,owltown,1017
UNION,ivy log,1225
UNION,suches,376
UNION,trackrock,735
UNION,dooley,974
UNION,gumlog,1269
UNION,pat colwell,1350
UPSON,yatesville,858
UPSON,salem,290
UPSON,redbone,4914
UPSON,town,4540
WALKER,lafayette,3046
WALKER,walnut grove,1136
WALKER,rock spring,3432
WALKER,armuchee valley,789
WALKER,mountain,664
WALKER,chattanooga valley,3293
WALKER,kensington,829
WALKER,rossville,2623
WALKER,chickamauga,3686
WALKER,fairyland,778
WALKER,fairview,1298
WALTON,bold springs,2790
WALTON,whatley,716
WALTON,walker park,2165
WALTON,gratis,873
WALTON,between,2939
WALTON,walnut grove,1483
WALTON,loganville north,2654
WALTON,social circle,2489
WALTON,south monroe,1971
WALTON,north monroe,2156
WALTON,loganville south,2113
WALTON,west walton,2587
WALTON,broken arrow,2455
WALTON,bay creek,1977
WALTON,e monroe,1728
WALTON,w monroe,1300
WALTON,tara,2254
WALTON,mountain,888
WALTON,jersey,1232
WALTON,blasingame,782
WALTON,good hope,1219
WARE,district 1,1861
WARE,district 2a,1366
WARE,district 2b,365
WARE,1231-150b,2166
WARE,1231-150c,573
WARE,1231-151,2028
WARE,beach-bickley,242
WARE,haywood,348
WARE,jamestown,940
WARE,manor,297
WARE,millwood,308
WARE,waresboro,570
WARREN,warrenton,2273
WASHINGTON,riddleville,406
WASHINGTON,warthen,506
WASHINGTON,tennille,1522
WASHINGTON,oconee,372
WASHINGTON,harrison,658
WASHINGTON,davisboro,524
WASHINGTON,sandersville,3831
WASHINGTON,deepstep,381
WAYNE,odum,814
WAYNE,madray springs,721
WAYNE,oglethorpe,1047
WAYNE,screven,1140
WAYNE,empire,663
WAYNE,red hill,540
WAYNE,altamaha,1330
WAYNE,gardi,639
WAYNE,vfw,540
WAYNE,pine street,581
WAYNE,unity,1115
WAYNE,rec center,1028
WEBSTER,preston 1,1102
WHEELER,alamo,1186
WHEELER,glenwood,756
WHITE,blue creek,1430
WHITE,blue ridge,501
WHITE,helen,358
WHITE,mossy creek,1689
WHITE,mt. yonah,2430
WHITE,nacoochee,1035
WHITE,robertstown,226
WHITE,shoal creek,1258
WHITE,tesnatee,655
WHITE,town creek,919
WHITE,white creek,978
WHITFIELD,1a,960
WHITFIELD,2a,1719
WHITFIELD,3a,1246
WHITFIELD,4a,1573
WHITFIELD,5a,774
WHITFIELD,6a,553
WHITFIELD,an,910
WHITFIELD,ca,851
WHITFIELD,co,733
WHITFIELD,dg,1766
WHITFIELD,es,738
WHITFIELD,fi,1047
WHITFIELD,gl,1152
WHITFIELD,lt,668
WHITFIELD,mc,902
WHITFIELD,ni,1303
WHITFIELD,pg,2527
WHITFIELD,th,1892
WHITFIELD,ti,366
WHITFIELD,tr,821
WHITFIELD,ut,544
WHITFIELD,va,2899
WHITFIELD,ws,1488
WILCOX,rochelle north 1,291
WILCOX,abbeville north 2,245
WILCOX,pineview 2,392
WILCOX,pitts 3,544
WILCOX,rochelle south 4,668
WILCOX,abbeville south 5,684
WILKES,senior citizen center,926
WILKES,young farmer's bldg,846
WILKES,metasville fire station,412
WILKES,edward b pope center,599
WILKES,rayle city hall,365
WILKES,courthouse,675
WILKES,tignall sch lunch rm,571
WILKINSON,bloodworth,299
WILKINSON,griffin,138
WILKINSON,high hill,123
WILKINSON,irwinton,557
WILKINSON,ivey,544
WILKINSON,lord,479
WILKINSON,midway,602
WILKINSON,ramah,1232
WILKINSON,turkey creek,302
WORTH,sylvester,1414
WORTH,scooterville,358
WORTH,minton,344
WORTH,bridgeboro,710
WORTH,county line,396
WORTH,isabella,864
WORTH,piney woods,163
WORTH,sylver east,802
WORTH,poulan,499
WORTH,sumner,503
WORTH,shingler,387
WORTH,red rock,616
WORTH,doles,259
WORTH,oakfield,139
WORTH,warwick,413
